page,side,kind,content,continent,part
1,recto,front matter,Half-title,,I Front Matter
2,verso,front matter,Frontispiece: ghosted antique world map,,I Front Matter
3,recto,front matter,Title page,,I Front Matter
4,verso,front matter,"Copyright and imprint (2025 data note, borders note, UN data credit)",,I Front Matter
5,recto,front matter,This Journal Belongs To,,I Front Matter
6,verso,front matter,Epigraph: 'A map shows the world as it is. What follows is the world as you found it.',,I Front Matter
7,recto,front matter,Contents (1/2),,I Front Matter
8,verso,front matter,Contents (2/2),,I Front Matter
9,recto,front matter,Before You Set Out: essay (1/4),,I Front Matter
10,verso,front matter,Before You Set Out: essay (2/4),,I Front Matter
11,recto,front matter,Before You Set Out: essay (3/4),,I Front Matter
12,verso,front matter,Before You Set Out: essay (4/4),,I Front Matter
13,recto,front matter,How to Use This Journal: annotated specimen page (1/2),,I Front Matter
14,verso,front matter,How to Use This Journal: annotated specimen page (2/2),,I Front Matter
15,recto,front matter,"A Note on Color, Paper and Pencils",,I Front Matter
16,verso,pacing,Blank,,I Front Matter
17,recto,journal,Part title: Before You Begin,,II Before You Begin
18,verso,journal,The Traveler's Profile,,II Before You Begin
19,recto,journal,"The Symbols of This Book (five fact icons, stamp)",,II Before You Begin
20,verso,journal,Where in the World? world map to color,,II Before You Begin
21,recto,journal,Countries I've Visited: 195-line checklist,,II Before You Begin
22,verso,journal,The Journeys Already Made (1/2),,II Before You Begin
23,recto,journal,The Journeys Already Made (2/2),,II Before You Begin
24,verso,journal,The World in Six Parts (1/2),,II Before You Begin
25,recto,journal,The World in Six Parts (2/2),,II Before You Begin
26,verso,pacing,Blank,,II Before You Begin
27,recto,journal,"Departure: Melville, 'It is not down in any map; true places never are.' + compass rose",,II Before You Begin
28,verso,continent,"Europe opener: essay, country count, population",Europe,III The Countries
29,recto,continent,"Europe opener: title plate, compass, map, quotation",Europe,III The Countries
30,verso,country page,Albania,Europe,III The Countries
31,recto,country page,Andorra,Europe,III The Countries
32,verso,country page,Austria,Europe,III The Countries
33,recto,country page,Belarus,Europe,III The Countries
34,verso,country page,Belgium,Europe,III The Countries
35,recto,country page,Bosnia and Herzegovina,Europe,III The Countries
36,verso,country page,Bulgaria,Europe,III The Countries
37,recto,country page,Croatia,Europe,III The Countries
38,verso,country page,Czechia,Europe,III The Countries
39,recto,country page,Denmark,Europe,III The Countries
40,verso,country page,Estonia,Europe,III The Countries
41,recto,country page,Finland,Europe,III The Countries
42,verso,country page,France,Europe,III The Countries
43,recto,country page,Germany,Europe,III The Countries
44,verso,country page,Greece,Europe,III The Countries
45,recto,country page,Holy See,Europe,III The Countries
46,verso,country page,Hungary,Europe,III The Countries
47,recto,country page,Iceland,Europe,III The Countries
48,verso,country page,Ireland,Europe,III The Countries
49,recto,country page,Italy,Europe,III The Countries
50,verso,country page,Latvia,Europe,III The Countries
51,recto,country page,Liechtenstein,Europe,III The Countries
52,verso,country page,Lithuania,Europe,III The Countries
53,recto,country page,Luxembourg,Europe,III The Countries
54,verso,country page,Malta,Europe,III The Countries
55,recto,country page,Moldova,Europe,III The Countries
56,verso,country page,Monaco,Europe,III The Countries
57,recto,country page,Montenegro,Europe,III The Countries
58,verso,country page,Netherlands,Europe,III The Countries
59,recto,country page,North Macedonia,Europe,III The Countries
60,verso,country page,Norway,Europe,III The Countries
61,recto,country page,Poland,Europe,III The Countries
62,verso,country page,Portugal,Europe,III The Countries
63,recto,country page,Romania,Europe,III The Countries
64,verso,country page,Russia,Europe,III The Countries
65,recto,country page,San Marino,Europe,III The Countries
66,verso,country page,Serbia,Europe,III The Countries
67,recto,country page,Slovakia,Europe,III The Countries
68,verso,country page,Slovenia,Europe,III The Countries
69,recto,country page,Spain,Europe,III The Countries
70,verso,country page,Sweden,Europe,III The Countries
71,recto,country page,Switzerland,Europe,III The Countries
72,verso,country page,Ukraine,Europe,III The Countries
73,recto,country page,United Kingdom,Europe,III The Countries
74,verso,continent,Europe bucket list: 15 curated experiences (1/2),Europe,III The Countries
75,recto,continent,Europe bucket list: 15 curated experiences (2/2),Europe,III The Countries
76,verso,continent,Europe closing spread: Notes from the Continent,Europe,III The Countries
77,recto,continent,Europe closing spread: achievement page,Europe,III The Countries
78,verso,continent,"Africa opener: essay, country count, population",Africa,III The Countries
79,recto,continent,"Africa opener: title plate, compass, map, quotation",Africa,III The Countries
80,verso,country page,Algeria,Africa,III The Countries
81,recto,country page,Angola,Africa,III The Countries
82,verso,country page,Benin,Africa,III The Countries
83,recto,country page,Botswana,Africa,III The Countries
84,verso,country page,Burkina Faso,Africa,III The Countries
85,recto,country page,Burundi,Africa,III The Countries
86,verso,country page,Cabo Verde,Africa,III The Countries
87,recto,country page,Cameroon,Africa,III The Countries
88,verso,country page,Central African Republic,Africa,III The Countries
89,recto,country page,Chad,Africa,III The Countries
90,verso,country page,Comoros,Africa,III The Countries
91,recto,country page,Congo,Africa,III The Countries
92,verso,country page,Côte d'Ivoire,Africa,III The Countries
93,recto,country page,Democratic Republic of the Congo,Africa,III The Countries
94,verso,country page,Djibouti,Africa,III The Countries
95,recto,country page,Egypt,Africa,III The Countries
96,verso,country page,Equatorial Guinea,Africa,III The Countries
97,recto,country page,Eritrea,Africa,III The Countries
98,verso,country page,Eswatini,Africa,III The Countries
99,recto,country page,Ethiopia,Africa,III The Countries
100,verso,country page,Gabon,Africa,III The Countries
101,recto,country page,Gambia,Africa,III The Countries
102,verso,country page,Ghana,Africa,III The Countries
103,recto,country page,Guinea,Africa,III The Countries
104,verso,country page,Guinea-Bissau,Africa,III The Countries
105,recto,country page,Kenya,Africa,III The Countries
106,verso,country page,Lesotho,Africa,III The Countries
107,recto,country page,Liberia,Africa,III The Countries
108,verso,country page,Libya,Africa,III The Countries
109,recto,country page,Madagascar,Africa,III The Countries
110,verso,country page,Malawi,Africa,III The Countries
111,recto,country page,Mali,Africa,III The Countries
112,verso,country page,Mauritania,Africa,III The Countries
113,recto,country page,Mauritius,Africa,III The Countries
114,verso,country page,Morocco,Africa,III The Countries
115,recto,country page,Mozambique,Africa,III The Countries
116,verso,country page,Namibia,Africa,III The Countries
117,recto,country page,Niger,Africa,III The Countries
118,verso,country page,Nigeria,Africa,III The Countries
119,recto,country page,Rwanda,Africa,III The Countries
120,verso,country page,Sao Tome and Principe,Africa,III The Countries
121,recto,country page,Senegal,Africa,III The Countries
122,verso,country page,Seychelles,Africa,III The Countries
123,recto,country page,Sierra Leone,Africa,III The Countries
124,verso,country page,Somalia,Africa,III The Countries
125,recto,country page,South Africa,Africa,III The Countries
126,verso,country page,South Sudan,Africa,III The Countries
127,recto,country page,Sudan,Africa,III The Countries
128,verso,country page,Tanzania,Africa,III The Countries
129,recto,country page,Togo,Africa,III The Countries
130,verso,country page,Tunisia,Africa,III The Countries
131,recto,country page,Uganda,Africa,III The Countries
132,verso,country page,Zambia,Africa,III The Countries
133,recto,country page,Zimbabwe,Africa,III The Countries
134,verso,continent,Africa bucket list: 15 curated experiences (1/2),Africa,III The Countries
135,recto,continent,Africa bucket list: 15 curated experiences (2/2),Africa,III The Countries
136,verso,continent,Africa closing spread: Notes from the Continent,Africa,III The Countries
137,recto,continent,Africa closing spread: achievement page,Africa,III The Countries
138,verso,continent,"Asia opener: essay, country count, population",Asia,III The Countries
139,recto,continent,"Asia opener: title plate, compass, map, quotation",Asia,III The Countries
140,verso,country page,Afghanistan,Asia,III The Countries
141,recto,country page,Armenia,Asia,III The Countries
142,verso,country page,Azerbaijan,Asia,III The Countries
143,recto,country page,Bahrain,Asia,III The Countries
144,verso,country page,Bangladesh,Asia,III The Countries
145,recto,country page,Bhutan,Asia,III The Countries
146,verso,country page,Brunei,Asia,III The Countries
147,recto,country page,Cambodia,Asia,III The Countries
148,verso,country page,China,Asia,III The Countries
149,recto,country page,Cyprus,Asia,III The Countries
150,verso,country page,Georgia,Asia,III The Countries
151,recto,country page,India,Asia,III The Countries
152,verso,country page,Indonesia,Asia,III The Countries
153,recto,country page,Iran,Asia,III The Countries
154,verso,country page,Iraq,Asia,III The Countries
155,recto,country page,Israel,Asia,III The Countries
156,verso,country page,Japan,Asia,III The Countries
157,recto,country page,Jordan,Asia,III The Countries
158,verso,country page,Kazakhstan,Asia,III The Countries
159,recto,country page,Kuwait,Asia,III The Countries
160,verso,country page,Kyrgyzstan,Asia,III The Countries
161,recto,country page,Laos,Asia,III The Countries
162,verso,country page,Lebanon,Asia,III The Countries
163,recto,country page,Malaysia,Asia,III The Countries
164,verso,country page,Maldives,Asia,III The Countries
165,recto,country page,Mongolia,Asia,III The Countries
166,verso,country page,Myanmar,Asia,III The Countries
167,recto,country page,Nepal,Asia,III The Countries
168,verso,country page,North Korea,Asia,III The Countries
169,recto,country page,Oman,Asia,III The Countries
170,verso,country page,Pakistan,Asia,III The Countries
171,recto,country page,Palestine,Asia,III The Countries
172,verso,country page,Philippines,Asia,III The Countries
173,recto,country page,Qatar,Asia,III The Countries
174,verso,country page,Saudi Arabia,Asia,III The Countries
175,recto,country page,Singapore,Asia,III The Countries
176,verso,country page,South Korea,Asia,III The Countries
177,recto,country page,Sri Lanka,Asia,III The Countries
178,verso,country page,Syria,Asia,III The Countries
179,recto,country page,Tajikistan,Asia,III The Countries
180,verso,country page,Thailand,Asia,III The Countries
181,recto,country page,Timor-Leste,Asia,III The Countries
182,verso,country page,Türkiye,Asia,III The Countries
183,recto,country page,Turkmenistan,Asia,III The Countries
184,verso,country page,United Arab Emirates,Asia,III The Countries
185,recto,country page,Uzbekistan,Asia,III The Countries
186,verso,country page,Vietnam,Asia,III The Countries
187,recto,country page,Yemen,Asia,III The Countries
188,verso,continent,Asia bucket list: 15 curated experiences (1/2),Asia,III The Countries
189,recto,continent,Asia bucket list: 15 curated experiences (2/2),Asia,III The Countries
190,verso,continent,Asia closing spread: Notes from the Continent,Asia,III The Countries
191,recto,continent,Asia closing spread: achievement page,Asia,III The Countries
192,verso,continent,"North America & the Caribbean opener: essay, country count, population",North America & the Caribbean,III The Countries
193,recto,continent,"North America & the Caribbean opener: title plate, compass, map, quotation",North America & the Caribbean,III The Countries
194,verso,country page,Antigua and Barbuda,North America & the Caribbean,III The Countries
195,recto,country page,Bahamas,North America & the Caribbean,III The Countries
196,verso,country page,Barbados,North America & the Caribbean,III The Countries
197,recto,country page,Belize,North America & the Caribbean,III The Countries
198,verso,country page,Canada,North America & the Caribbean,III The Countries
199,recto,country page,Costa Rica,North America & the Caribbean,III The Countries
200,verso,country page,Cuba,North America & the Caribbean,III The Countries
201,recto,country page,Dominica,North America & the Caribbean,III The Countries
202,verso,country page,Dominican Republic,North America & the Caribbean,III The Countries
203,recto,country page,El Salvador,North America & the Caribbean,III The Countries
204,verso,country page,Grenada,North America & the Caribbean,III The Countries
205,recto,country page,Guatemala,North America & the Caribbean,III The Countries
206,verso,country page,Haiti,North America & the Caribbean,III The Countries
207,recto,country page,Honduras,North America & the Caribbean,III The Countries
208,verso,country page,Jamaica,North America & the Caribbean,III The Countries
209,recto,country page,Mexico,North America & the Caribbean,III The Countries
210,verso,country page,Nicaragua,North America & the Caribbean,III The Countries
211,recto,country page,Panama,North America & the Caribbean,III The Countries
212,verso,country page,Saint Kitts and Nevis,North America & the Caribbean,III The Countries
213,recto,country page,Saint Lucia,North America & the Caribbean,III The Countries
214,verso,country page,Saint Vincent and the Grenadines,North America & the Caribbean,III The Countries
215,recto,country page,Trinidad and Tobago,North America & the Caribbean,III The Countries
216,verso,country page,United States,North America & the Caribbean,III The Countries
217,recto,continent,Note on the dependencies and territories of the Caribbean,North America & the Caribbean,III The Countries
218,verso,continent,North America & the Caribbean bucket list: 15 curated experiences (1/2),North America & the Caribbean,III The Countries
219,recto,continent,North America & the Caribbean bucket list: 15 curated experiences (2/2),North America & the Caribbean,III The Countries
220,verso,continent,North America & the Caribbean closing spread: Notes from the Continent,North America & the Caribbean,III The Countries
221,recto,continent,North America & the Caribbean closing spread: achievement page,North America & the Caribbean,III The Countries
222,verso,continent,"South America opener: essay, country count, population",South America,III The Countries
223,recto,continent,"South America opener: title plate, compass, map, quotation",South America,III The Countries
224,verso,country page,Argentina,South America,III The Countries
225,recto,country page,Bolivia,South America,III The Countries
226,verso,country page,Brazil,South America,III The Countries
227,recto,country page,Chile,South America,III The Countries
228,verso,country page,Colombia,South America,III The Countries
229,recto,country page,Ecuador,South America,III The Countries
230,verso,country page,Guyana,South America,III The Countries
231,recto,country page,Paraguay,South America,III The Countries
232,verso,country page,Peru,South America,III The Countries
233,recto,country page,Suriname,South America,III The Countries
234,verso,country page,Uruguay,South America,III The Countries
235,recto,country page,Venezuela,South America,III The Countries
236,verso,continent,South America bucket list: 15 curated experiences (1/2),South America,III The Countries
237,recto,continent,South America bucket list: 15 curated experiences (2/2),South America,III The Countries
238,verso,continent,South America closing spread: Notes from the Continent,South America,III The Countries
239,recto,continent,South America closing spread: achievement page,South America,III The Countries
240,verso,continent,"Oceania opener: essay, country count, population",Oceania,III The Countries
241,recto,continent,"Oceania opener: title plate, compass, map, quotation",Oceania,III The Countries
242,verso,country page,Australia,Oceania,III The Countries
243,recto,country page,Fiji,Oceania,III The Countries
244,verso,country page,Kiribati,Oceania,III The Countries
245,recto,country page,Marshall Islands,Oceania,III The Countries
246,verso,country page,Micronesia,Oceania,III The Countries
247,recto,country page,Nauru,Oceania,III The Countries
248,verso,country page,New Zealand,Oceania,III The Countries
249,recto,country page,Palau,Oceania,III The Countries
250,verso,country page,Papua New Guinea,Oceania,III The Countries
251,recto,country page,Samoa,Oceania,III The Countries
252,verso,country page,Solomon Islands,Oceania,III The Countries
253,recto,country page,Tonga,Oceania,III The Countries
254,verso,country page,Tuvalu,Oceania,III The Countries
255,recto,country page,Vanuatu,Oceania,III The Countries
256,verso,continent,Oceania bucket list: 15 curated experiences (1/2),Oceania,III The Countries
257,recto,continent,Oceania bucket list: 15 curated experiences (2/2),Oceania,III The Countries
258,verso,continent,Oceania closing spread: Notes from the Continent,Oceania,III The Countries
259,recto,continent,Oceania closing spread: achievement page,Oceania,III The Countries
260,verso,pacing,Blank,,IV After the Journey
261,recto,journal,Part title: After the Journey,,IV After the Journey
262,verso,journal,"The Traveler's Ledger, expanded travel statistics (1/4)",,IV After the Journey
263,recto,journal,"The Traveler's Ledger, expanded travel statistics (2/4)",,IV After the Journey
264,verso,journal,"The Traveler's Ledger, expanded travel statistics (3/4)",,IV After the Journey
265,recto,journal,"The Traveler's Ledger, expanded travel statistics (4/4)",,IV After the Journey
266,verso,journal,My Top Five (1/2),,IV After the Journey
267,recto,journal,My Top Five (2/2),,IV After the Journey
268,verso,journal,The Best Things (1/2),,IV After the Journey
269,recto,journal,The Best Things (2/2),,IV After the Journey
270,verso,journal,People Met Along the Way (1/2),,IV After the Journey
271,recto,journal,People Met Along the Way (2/2),,IV After the Journey
272,verso,journal,Words Worth Keeping (1/2),,IV After the Journey
273,recto,journal,Words Worth Keeping (2/2),,IV After the Journey
274,verso,journal,"Favorite Memory, single spread (1/2)",,IV After the Journey
275,recto,journal,"Favorite Memory, single spread (2/2)",,IV After the Journey
276,verso,journal,Where I Go Next: the reader's list,,IV After the Journey
277,recto,journal,Where I Go Next: planning block for the next journey,,IV After the Journey
278,verso,register,A Register of Colors (1/4),,IV After the Journey
279,recto,register,A Register of Colors (2/4),,IV After the Journey
280,verso,register,A Register of Colors (3/4),,IV After the Journey
281,recto,register,A Register of Colors (4/4),,IV After the Journey
282,verso,journal,Index of Countries (1/4),,IV After the Journey
283,recto,journal,Index of Countries (2/4),,IV After the Journey
284,verso,journal,Index of Countries (3/4),,IV After the Journey
285,recto,journal,Index of Countries (4/4),,IV After the Journey
286,verso,flexible,Notes (flexible),,IV After the Journey
287,recto,flexible,Notes (flexible),,IV After the Journey
288,verso,front matter,Colophon,,IV After the Journey
