country,field,printed_value,unit,effective_year,source,url,notes,status
Italy,Capital,Rome,,2025,Constitution of Italy / general reference,,,"verified (general knowledge, uncontroversial)"
Italy,Population,59.1 million,persons,2025 (1 July),"UN DESA Population Division, World Population Prospects 2024 (medium variant), via wpp2024 R package v1.1-3 (popproj1dt)",https://population.un.org/wpp/ ; https://github.com/PPgp/wpp2024,"Exact 59,146,260. 1 July 2025 = mean of end-2024 and end-2025 values in popproj1dt (package year t = 31 Dec of t). Projection, not a census count. Licence CC BY 3.0 IGO: credit UN DESA on copyright page.",verified from data file
Italy,Language,Italian,,2025,,,,verified
Italy,Area,"302,068 km² (116,629 sq mi)",km²,Istat figure; year to confirm,"Istat, territorial surface",https://www.istat.it/,"Istat has published 302,068 / 302,070.8 (2011) / 302,073 (2013) depending on reference date; the 2025 figure must be read on the Istat page (site blocked from our environment). Excludes San Marino and Vatican City.",TO VERIFY at source
Italy,Currency,Euro (EUR),,2025,ISO 4217,,,verified
Italy,Illustration,"The Colosseum, Rome",,,Landmark rule (Decisions Log),,"No officially designated national animal found (Italian wolf is a popular, not statutory, symbol) -> no second sentence.",verified for caption; animal status to double-check
Japan,Capital,Tokyo,,2025,,,No law formally names a capital; Tokyo is the seat of government and universally treated as capital.,verified; note internally
Japan,Population,123.1 million,persons,2025 (1 July),"UN DESA Population Division, World Population Prospects 2024 (medium variant), via wpp2024 R package v1.1-3 (popproj1dt)",https://population.un.org/wpp/ ; https://github.com/PPgp/wpp2024,"Exact 123,103,479. 1 July 2025 = mean of end-2024 and end-2025 values in popproj1dt (package year t = 31 Dec of t). Projection, not a census count. Licence CC BY 3.0 IGO: credit UN DESA on copyright page.",verified from data file
Japan,Language,Japanese,,2025,,,"No de jure official language; label is 'Language', not 'Official language'.",verified
Japan,Area,"377,975 km² (145,937 sq mi)",km²,GSI annual figure,"Geospatial Information Authority of Japan (GSI), national land area survey",https://www.gsi.go.jp/,"Search snippet: 377,974.87 km² as of 1 Apr 2026; 2025 edition to confirm (rounds to same integer if within ±0.5). Includes the Northern Territories (southern Kurils, Russian-administered).",TO VERIFY at source (2025 edition)
Japan,Currency,Japanese yen (JPY),,2025,ISO 4217,,,verified
Japan,Local name,日本 / Nippon,,,,,Both Nippon and Nihon are in official use. Native-reader proof required before print.,NATIVE READER CHECK pending
Japan,Illustration,Mount Fuji and the Chureito Pagoda,,,Landmark rule,,"Green pheasant was chosen as national bird by the Ornithological Society of Japan (1947), not by statute -> treated as not officially designated; no second sentence. Confirm.",to confirm animal status
United States,Capital,"Washington, D.C.",,2025,,,,verified
United States,Population,347.3 million,persons,2025 (1 July),"UN DESA Population Division, World Population Prospects 2024 (medium variant), via wpp2024 R package v1.1-3 (popproj1dt)",https://population.un.org/wpp/ ; https://github.com/PPgp/wpp2024,"Exact 347,275,807. 1 July 2025 = mean of end-2024 and end-2025 values in popproj1dt (package year t = 31 Dec of t). Projection, not a census count. Licence CC BY 3.0 IGO: credit UN DESA on copyright page. US Census Bureau Vintage 2025 estimates will differ slightly; we use one source for all 195.",verified from data file
United States,Language,English,,2025,Executive Order 14224 (1 Mar 2025) designated English as official language,https://www.federalregister.gov/,,verified via news/search; EO text to cite
United States,Area,"9,833,517 km² (3,796,742 sq mi)",km²,"Census 2010 area measurement, current","U.S. Census Bureau (total area incl. inland, coastal, Great Lakes and territorial waters of the 50 states + DC)",https://www.census.gov/,"Census publishes 3,796,742 sq mi; km² converted (some sources print 9,833,520). Excludes Puerto Rico and other territories.",TO VERIFY rounding convention
United States,Currency,US dollar (USD),,2025,ISO 4217,,,verified
United States,Illustration,Statue of Liberty; bald eagle = national bird,,,"Public Law 118-206 (S.4610), signed Dec 2024, designates the bald eagle as the national bird",https://www.congress.gov/bill/118th-congress/senate-bill/4610,American bison is the national mammal (2016) - not printed to keep the caption short.,verified
Brazil,Capital,Brasília,,2025,,,,verified
Brazil,Population,212.8 million,persons,2025 (1 July),"UN DESA Population Division, World Population Prospects 2024 (medium variant), via wpp2024 R package v1.1-3 (popproj1dt)",https://population.un.org/wpp/ ; https://github.com/PPgp/wpp2024,"Exact 212,812,405. 1 July 2025 = mean of end-2024 and end-2025 values in popproj1dt (package year t = 31 Dec of t). Projection, not a census count. Licence CC BY 3.0 IGO: credit UN DESA on copyright page. IBGE's own 2025 estimate differs (IBGE projections are revised to the 2022 census).",verified from data file
Brazil,Language,Portuguese,,2025,,,,verified
Brazil,Area,"8,509,380 km² (3,285,490 sq mi)",km²,IBGE 2024 edition,"IBGE, Áreas Territoriais 2024 (8,509,379.576 km²)",https://www.ibge.gov.br/geociencias/organizacao-do-territorio/estrutura-territorial/15761-areas-dos-municipios.html,"2023 edition was 8,510,417.822 km²; IBGE revises yearly. Check whether a 2025 edition exists and use the edition valid in 2025.",TO VERIFY edition
Brazil,Currency,Brazilian real (BRL),,2025,ISO 4217,,,verified
Brazil,Illustration,Sugarloaf Mountain; rufous-bellied thrush = national bird,,,"Presidential decree of 3 October 2002 (sabiá-laranjeira, Turdus rufiventris, symbol bird)",https://www.wikiaves.com.br/wiki/decreto_de_3_de_outubro,"Christ the Redeemer NOT used: image rights held by the Archdiocese of Rio de Janeiro, which licenses commercial use (https://en.santuariocristoredentor.com.br/produtos-licenciados). Client's reference used it -> decision for client.",verified; decree text to cite
Egypt,Capital,Cairo,,2025,Constitution of Egypt,,Ministries are relocating to the New Administrative Capital; Cairo remains the capital. Not printed.,verified; watch
Egypt,Population,118.4 million,persons,2025 (1 July),"UN DESA Population Division, World Population Prospects 2024 (medium variant), via wpp2024 R package v1.1-3 (popproj1dt)",https://population.un.org/wpp/ ; https://github.com/PPgp/wpp2024,"Exact 118,365,994. 1 July 2025 = mean of end-2024 and end-2025 values in popproj1dt (package year t = 31 Dec of t). Projection, not a census count. Licence CC BY 3.0 IGO: credit UN DESA on copyright page. CAPMAS population clock differs.",verified from data file
Egypt,Language,Arabic,,2025,,,,verified
Egypt,Area,"1,001,450 km² (386,662 sq mi)",km²,World Bank / FAO series (latest 2023),World Bank WDI AG.SRF.TOTL.K2,https://data.worldbank.org/indicator/AG.SRF.TOTL.K2?locations=EG,"Includes the Halaib Triangle (Egypt-administered, claimed by Sudan). CAPMAS figure to compare.",TO VERIFY against CAPMAS
Egypt,Currency,Egyptian pound (EGP),,2025,ISO 4217,,,verified
Egypt,Local name,مصر / Misr,,,,,Misr = Modern Standard Arabic; Egyptians say Masr (reference image used Masr). Rule to decide; native-reader proof required.,NATIVE READER CHECK + decision
Egypt,Illustration,Pyramids of Giza and Great Sphinx,,,Landmark rule,,No officially designated national animal found (steppe eagle / Eagle of Saladin is heraldic). No second sentence.,to confirm
Australia,Capital,Canberra,,2025,,,,verified
Australia,Population,27.0 million,persons,2025 (1 July),"UN DESA Population Division, World Population Prospects 2024 (medium variant), via wpp2024 R package v1.1-3 (popproj1dt)",https://population.un.org/wpp/ ; https://github.com/PPgp/wpp2024,"Exact 26,974,026. 1 July 2025 = mean of end-2024 and end-2025 values in popproj1dt (package year t = 31 Dec of t). Projection, not a census count. Licence CC BY 3.0 IGO: credit UN DESA on copyright page. ABS ERP differs slightly.",verified from data file
Australia,Language,English,,2025,,,No de jure official language.,verified
Australia,Area,"7,688,287 km² (2,968,464 sq mi)",km²,"GA (GEODATA Coast 100K 2004), current","Geoscience Australia, Area of Australia - States and Territories",https://www.ga.gov.au/scientific-topics/national-location-information/dimensions/area-of-australia-states-and-territories,"Mainland 7,656,127 + islands 32,160. Excludes external territories (CIA-style totals of 7,741,220 include them).",verified via search snippet; re-read at source
Australia,Currency,Australian dollar (AUD),,2025,ISO 4217,,,verified
Australia,Local name,(formal name) Commonwealth of Australia,,,,,"Proposal: where the own-language name is English, the line shows the formal name.",PROPOSAL
Australia,Illustration,Sydney Opera House,,,Landmark rule,,"Kangaroo and emu are heraldic supporters, not statutory national animals -> no second sentence. Sydney Opera House Trust holds trade marks in the building's image: check before commercial use (low risk for an illustration in a book, but verify).",to verify rights
ALL,Maps,Natural Earth 1:10m Admin 0 v5.x,,,Natural Earth (public domain),https://www.naturalearthdata.com/,De facto boundaries; differences with UN treatment noted per country. Final maps to be checked against UN Geospatial maps.,source OK; UN check pending
ALL,Flags,Outline derived from SVG constructions,,,"hampusborgos/country-flags (from Wikimedia Commons, public domain)",https://github.com/hampusborgos/country-flags,Each outline to be checked against the official construction sheet. Australia star positions checked against Flags Act 1953 Sch.1.,per-flag check pending (AU done)
